{"cameraMode":{"drawMode":0,"name":"Shaded","section":"Shading Mode"},"sceneLighting":true,"audioPlay":false,"sceneViewState":{"showFog":true,"showMaterialUpdate":false,"showSkybox":true,"showFlares":true,"showImageEffects":true,"showParticleSystems":true},"in2DMode":false,"pivot":{"x":412.7427062988281,"y":10.758509635925293,"z":181.13941955566407},"rotation":{"x":0.008905882015824318,"y":-0.8633526563644409,"z":-0.015245972201228142,"w":-0.5042920112609863},"size":40.010372161865237,"orthographic":false}