{"cameraMode":{"drawMode":0,"name":"Shaded","section":"Shading Mode"},"sceneLighting":true,"audioPlay":false,"sceneViewState":{"showFog":true,"showMaterialUpdate":false,"showSkybox":true,"showFlares":true,"showImageEffects":true,"showParticleSystems":true},"in2DMode":false,"pivot":{"x":347.04791259765627,"y":5.176733016967773,"z":250.7674102783203},"rotation":{"x":-0.15888611972332,"y":-0.48225831985473635,"z":0.08942800760269165,"w":-0.8568458557128906},"size":46.14945983886719,"orthographic":false}