{"cameraMode":{"drawMode":0,"name":"Shaded","section":"Shading Mode"},"sceneLighting":true,"audioPlay":false,"sceneViewState":{"showFog":true,"showMaterialUpdate":false,"showSkybox":true,"showFlares":true,"showImageEffects":true,"showParticleSystems":true},"in2DMode":false,"pivot":{"x":306.12127685546877,"y":0.8363370895385742,"z":219.30128479003907},"rotation":{"x":0.000017789279809221625,"y":0.9534409642219544,"z":-0.3015797734260559,"w":0.00006154757284093648},"size":22.0,"orthographic":false}